path	lba	size	sha1
ABS.TXT	55362	56	35b4e40d9e04937af0acf5604bbf4691660052b0
BIB.TXT	55363	56	85976a9abc492cfc4b845e9308c759add62ce636
CPY.TXT	55361	62	f097fd4b1456015e0896efea5743238ebf2d452f
DATA_A0.BIN	53265	64188	5663eac8d82210888093f1b68404996d1fec5cc5
DATA_B0.BIN	53305	24176	967a9009e064d8f29564facdf886d6fcf57c6857
DATA_D0.BIN	51932	247996	2a691e6d5dcefb9256ac3d707f56068eefdbc2ef
DATA_D1.BIN	52092	139884	05612789905ffa433d31db0abbbd5b550ac733aa
DATA_D2.BIN	52164	79396	c4c83144f8a04d9a7917f45fa1f0c39c1a261dd4
DATA_F0.BIN	53321	98620	3fc135ea71b8c27bcbcf8a4300b78348d43cbbf1
DATA_F4.BIN	53377	78684	be4e8dc653bb60456b5274efa7717436b38880af
DATA_G0.BIN	53425	121076	8a4eabc0ffff3ccc10246fa31e54977b7d47a1ef
DATA_H00.BIN	53489	26332	b1759301a00c0f89efbe5491ed5a45a3d0534f4c
DATA_H01.BIN	53513	11834	e50395b7c79da1dcf49706b0759747c03a9ce6a5
DATA_H02.BIN	53529	31798	86742ae9b61850ff266c71a492ce5d3c5540fffd
DATA_H03.BIN	53553	33514	2359d741e90c33229c339cd131c10eac0c907745
DATA_H04.BIN	53577	40018	0af0a9fa881363ab49d08ad72c695153475d1a4a
DATA_H05.BIN	53601	13868	ac9403b2c6987eb553137fb0a0311e4988426617
DATA_H06.BIN	53617	20562	0a9824f4d314cd6688291c635367bd65565e6638
DATA_H07.BIN	53633	54294	91f8262fa875207a0d86f45b93f3aaf9b21e534d
DATA_H08.BIN	53665	74794	0e4f43c38596b28b0e48ff62286e0b869689c91a
DATA_H09.BIN	53705	143208	0a7e8c3a38dbe0acb54c68d1844c3ac97ad76ff1
DATA_H11.BIN	53785	34232	8728f48667e5450306b808b6b0dceeb819765d9a
DATA_H12.BIN	53809	28074	8a97d4f1d84e96127ec07f9667a3ac58cc09e065
DATA_H13.BIN	53833	15194	20b348b94395fd54ec670687b5aa2a35f20bc822
DATA_H14.BIN	53857	50904	7673568ff96f5c7b6003fed4423ea607c788df41
DATA_H15.BIN	53889	29596	5ff5cb8c5178c87461edb586bf7e4fcea76caf33
DATA_I0.BIN	53913	79478	65825d1f56c2fb57c85afa81e508462229a6b7e7
DATA_J0.BIN	53961	43004	8453b3fb089d0fd2b2ec58b79aaa78a0093bf16a
DATA_K1.BIN	53993	120474	81f34c75d6ce4d3a7ea5a371c9fa087b6ee51246
DATA_M0.BIN	54065	48164	cd62ab405c46b48820533f69840a198af55b7bb7
DATA_O0.BIN	54097	75602	946b60d71918482203fe6b9c1f1929f7eab443a2
DATA_P0.BIN	54145	90842	89c238eed13abd207a82ad9f34513b505853659f
DATA_Q3.BIN	54201	95840	3f7464d5fcb16d8742763bcca018f596e35336b9
DATA_Q5.BIN	54257	75390	97c493d1340b09af891de662af1b15949ee5f327
DATA_Q8.BIN	54305	88184	0e7d84be2de4c33fa13e0a210b43e5b80cd84f50
DATA_S0.BIN	54361	36924	6f70bb3045fdf472f291e600eb83b53ca9a573a0
DATA_S1.BIN	54385	24780	5e02738824307ba2c1f24135b9fa0f76d75a10d2
DATA_S2.BIN	54401	108728	359daa748a2f8ec4b8da2a6ad8aa36f037764343
DATA_T0.BIN	54465	24670	19b47b72d3979fd39c0fec33e716caf6ae1d0df4
DATA_U0.BIN	54481	39622	229b5e9f794265963809f0354eadb02ab4fa1091
DATA_Y00.BIN	54513	78954	f952a05b8bf8ab5b2f89e6844f3cd5fa0bbbbc7f
DATA_Y01.BIN	54561	100498	6d711f59c2843db6889ca8f49fdf9be978212c13
DATA_Y03.BIN	54617	42680	7a75007e77f9b6227dae7f2699dea167f885ff33
DATA_Y04.BIN	54649	62338	f9f37fd964614cfa8731a1875c7b9b2aabbe2afd
DATA_Y05.BIN	54689	102898	362a63eee3a6591548ff343f5a6e73839b9de7fa
DATA_Y06.BIN	54745	75910	74cc4ff79e38152321d7efc4bd49cdfede3e74fe
DATA_Y07.BIN	54793	71356	7ee399f58a7f924a6635f5d518dc9e5410a1de52
DATA_Y08.BIN	54833	81068	7ea976d6bf62f1e4e9a5b2b641d9d9e2df85f689
DATA_Y09.BIN	54881	54940	f85448ea3dcd349ed596db690f8c53898291034f
DATA_Y10.BIN	54913	82570	84ab85dd1c3361d6e45f1eaf1df3672dceb3b160
DATA_Y11.BIN	54961	59706	a62e1cd603e18056e2d44aac7378e5137848d274
DATA_Y12.BIN	55001	76090	57ac3160b5a7cc7c4adf20d1d3db0eb61a3e7ec7
DATA_Y13.BIN	55049	102948	0c0681633a0a903978787fc2ee56025906bec9f8
DATA_Y14.BIN	55113	118642	2728bdda5a388b5395b093b582428f310810d60d
DATA_Y15.BIN	55177	95256	eff2c42bb011127786caec6b1bc7d615cdc43e5d
DATA_Y16.BIN	55233	182794	d3e73ecfbc9c40cc6fa7a6d9b0809ddba57f829e
FMWR_1.BIN	51868	53232	00ab662191d3b2ce858d09605e0f16d8bdf08fbf
PCMDRMDT.BIN	51772	52814	e5e1a126e02a2a6a33e072d83a729073e490b69f
PCMLD_01.BIN	23	84748288	c03d82c4a5a499ba3db52661c084333190642aa4
PCMLT_01.BIN	51762	17568	6437ab4301e30980f4a1fc4647143a0c0bd9e521
SP00.BIN	52212	14698	51f8c138921489380d239a99f72f6c9dd874581d
SP01.BIN	52239	16600	a5f3d3edd89bab594026c734ace81a38f5509e9c
SP02.BIN	52266	29494	d0b23e713bce9b936c29fdba4b6131901664f789
SP03.BIN	52293	30034	49d361b2b01914d3db52891b708e901dbd0effeb
SP04.BIN	52320	51848	680ffeaea3d0e9f650c62a648788c76b85790951
SP05.BIN	52347	35756	6c1bd5eedb44e29116c88f0ad99fedb659a02b3a
SP06.BIN	52374	47722	6d01c6068457cc804964ae4bd74e9596006b9056
SP07.BIN	52401	30970	71779a35b32549f6569e6bc9b0766ba7fd80c3e5
SP08.BIN	52428	49232	2fd0b8c6df0ad244fab7b881a9507a049e34fa72
SP09.BIN	52455	36198	ab44233f6639a9b3464cf0deab6454f5f6693433
SP10.BIN	52482	33962	1ca633633558b074c3162bbb87d7e71172b1fe8b
SP11.BIN	52509	30938	0e4bece83f85a567fcd1d15d7ae86d6a574cfe27
SP12.BIN	52536	27866	198cf4bd8b670384cf18d9a81bbfd0579145304e
SP13.BIN	52563	40010	d585425a70d860cdd2fdd69eb6db4a1da944f973
SP14.BIN	52590	34214	f5691fddae5d35f27f60a1e3aa2516bf993096d4
SP15.BIN	52617	31360	1214b6c666b8263237376fe77189565014d7c3bf
SP16.BIN	52644	15468	d84dcf91344320861c87a1a2a09ed3f16b169659
SP17.BIN	52671	15318	dc2bbcda49084c9ae7814c5dc6e51f0dd69eca6a
SP18.BIN	52698	32196	b27e36af1dc49ef7a2d4116edc0cb65c78467150
SP19.BIN	52725	22660	4da3c872d31697412607980072d1106b60c230ca
SP20.BIN	52752	23854	9b3ba8918b0c798c2fd3714dc63e01cbf8ddb91c
SP21.BIN	52779	46736	ff1302e310f873aeae3317c6fcb79633aef8fb77
SP22.BIN	52806	22298	42eaa17187bd4067f77f213f7e2a6c4bff36c7db
SP23.BIN	52833	27764	b2ec85010f280873ff990a5970e9643f318eab7b
SP24.BIN	52860	23678	7285ee5d1ea450a8fbd1b60afcdd6a019d81c66e
SP25.BIN	52887	24000	a9dab6ed539e0b891a2346945524eaade690f78a
SP26.BIN	52914	35488	48cc9d783c02070ab79d59bf071bd1a89ecd5015
SP27.BIN	52941	25730	25f285a54443deca64a5afd827f73ffd43086201
SP28.BIN	52968	28392	dcfc13ef702ed6ec962a825a521cac1489cb6858
SP29.BIN	52995	17048	c9d997e273ef1b42a7d100ce8114fa231fea3d36
SP30.BIN	53022	29440	0458543ef25d9f204c62272a4389359dda4e9f6d
SP31.BIN	53049	1182	c925397538e1c23266b364d426881cfea2e7ed63
SP32.BIN	53076	28196	c1e0115ac6198667ce8fb7f2d20e6837dab39471
SP33.BIN	53103	23196	5762f24d48073078abc8592f5fe6e5180b9b8123
SP34.BIN	53130	16822	c89e1599896ef4aa6e8ce07dc18276f66ecba10d
SP35.BIN	53157	31162	60142dcdecc3a7a92c80868bea2c110ef03ed96c
SP36.BIN	53184	18300	77fcd8da4bfcf19fce2a55f00d301a7b5e667cf5
SP37.BIN	53211	24924	6d78006cdf241ebc34a140119dfd33a825c1a64b
SP38.BIN	53238	17700	cda9a695d84edc3016b2193633f02b5dd1bfac65
SUBCODE.BIN	51735	53110	ce50e31315fcb743514218a276cf6a3e905b8276
